company,compounded_sales_growth,compounded_profit_growth,stock_price_cagr,roe,sales_period,sales_value,profit_period,profit_value,stock_period,stock_value,roe_period,roe_value
HDFCBANK,10 Years: 21%,10 Years: 22%,10 Years:     15%,10 Years:     17%,10 Years,21,10 Years,22,10 Years,15,10 Years,17
SBILIFE,5 Years:       24%,5 Years:            6%,     5 Years:       8%,5 Years          14%,5 Years,24,5 Years,6,5 Years,8,5 Years,14
SBILIFE,3 Years:       17%,3 Years:            9%,     3 Years:       7%,3 Years:         13%,3 Years,17,3 Years,9,3 Years,7,3 Years,13
SBILIFE,TTM:            43%,TTM:                 18%,     1 Year:         -2%,Last Year:      12%,TTM,43,TTM,18,1 Year,-2,Last Year,12
TCS,10 Years:     11%             ,10 Years:          9%,    10 Years:      14%,10 Years:       40%,10 Years,11,10 Years,9,10 Years,14,10 Years,40
TCS,5 Years:       10%             ,5 Years:            8%,      5 Years:      16%,5 Years:          44%,5 Years,10,5 Years,8,5 Years,16,5 Years,44
TCS,3 Years:       14%             ,3 Years:            12%,      3 Years:      8%,3 Years:          47%,3 Years,14,3 Years,12,3 Years,8,3 Years,47
TCS,TTM:            5%             ,TTM:                 8%,      1 Year:       16%,Last Year:       52%,TTM,5,TTM,8,1 Year,16,Last Year,52
WIPRO,10 Years:     8%,10 Years:          3%,    10 Years:     12%,10 Years:        18%,10 Years,8,10 Years,3,10 Years,12,10 Years,18
WIPRO,5 Years:       9%,5 Years:            4%,      5 Years:     20%,5 Years:          17%,5 Years,9,5 Years,4,5 Years,20,5 Years,17
WIPRO,3 Years:      13%,3 Years:            0%,      3 Years:      -1%,3 Years:          17%,3 Years,13,3 Years,0,3 Years,-1,3 Years,17
HDFCBANK,5 Years:       22%,5 Years:           23%,      5 Years:       8%,5 Years:       17%,5 Years,22,5 Years,23,5 Years,8,5 Years,17
WIPRO,TTM:           -3%,TTM:                 1%,      1 Year:       39%,Last Year:       14%,TTM,-3,TTM,1,1 Year,39,Last Year,14
HDFCBANK,3 Years:       30%,3 Years:           26%,      3 Years:       8%,3 Years:       17%,3 Years,30,3 Years,26,3 Years,8,3 Years,17
HDFCBANK,TTM:            47%,TTM:                27%,      1 Year:        13%,Last Year:    17%,TTM,47,TTM,27,1 Year,13,Last Year,17
INFY,10 Years:     12%,10 Years:         9%,     10 Years:     15%,10 Years:      27%,10 Years,12,10 Years,9,10 Years,15,10 Years,27
INFY,5 Years:       13%,5 Years:           11%,       5 Years:     22%,5 Years:        29%,5 Years,13,5 Years,11,5 Years,22,5 Years,29
INFY,3 Years:       5%,3 Years:           10%,       3 Years:     4%,3 Years:        31%,3 Years,5,3 Years,10,3 Years,4,3 Years,31
INFY,TTM:            3%,TTM:                 8%,       1 Year:       27%,Last Year:     32%,TTM,3,TTM,8,1 Year,27,Last Year,32
SBILIFE,10 Years:     23%,10 Years:          9%,    10 Years:      9%,10 Years:      16%,10 Years,23,10 Years,9,10 Years,9,10 Years,16
